"Chromosome","Position","MarkerName","Allele1","Allele2","Effect","StdErr","P.value","Direction","TotalSampleSize","rsid"
20,21277415,"chr20:21277415:A:G_rs4813421","a","g",0.0784,0.0138,1.401e-08,"++",55420,"rs4813421"
17,46019175,"chr17:46019175:T:G_rs62062287","t","g",-0.0849,0.0155,3.995e-08,"--",55420,"rs62062287"
20,21144026,"chr20:21144026:G:C_rs1884762","c","g",-0.0752,0.0133,1.456e-08,"--",55420,"rs1884762"
20,21290864,"chr20:21290864:G:C_rs113425833","c","g",0.0917,0.0159,7.507e-09,"++",55420,"rs113425833"
20,21240666,"chr20:21240666:A:G_rs6035817","a","g",0.0758,0.0133,1.184e-08,"++",55420,"rs6035817"
17,46033304,"chr17:46033304:C:G_rs4597358","c","g",-0.0838,0.0154,4.862e-08,"--",55420,"rs4597358"
20,21230364,"chr20:21230364:A:G_rs6035814","a","g",0.0754,0.0133,1.456e-08,"++",55420,"rs6035814"
20,21234363,"chr20:21234363:C:A_rs2424352","a","c",-0.0757,0.0133,1.221e-08,"--",55420,"rs2424352"
20,21173142,"chr20:21173142:G:C_rs6035803","c","g",-0.0754,0.0133,1.389e-08,"--",55420,"rs6035803"
20,21173632,"chr20:21173632:G:C_rs6035804","c","g",-0.0752,0.0133,1.485e-08,"--",55420,"rs6035804"
20,21281641,"chr20:21281641:A:C_rs17736818","a","c",-0.0903,0.0159,1.254e-08,"--",55420,"rs17736818"
20,21198609,"chr20:21198609:T:A_rs6137285","a","t",0.0743,0.0133,2.236e-08,"++",55420,"rs6137285"
20,21141098,"chr20:21141098:C:G_rs6035788","c","g",0.0759,0.0133,1.035e-08,"++",55420,"rs6035788"
20,21170427,"chr20:21170427:C:T_rs6047286","t","c",-0.0755,0.0133,1.311e-08,"--",55420,"rs6047286"
20,21152431,"chr20:21152431:A:C_rs4813413","a","c",0.0756,0.0132,9.756e-09,"++",55420,"rs4813413"
20,21140567,"chr20:21140567:A:T_rs2328607","a","t",0.0746,0.0133,1.843e-08,"++",55420,"rs2328607"
20,21291414,"chr20:21291414:C:A_rs73128955","a","c",0.0957,0.017,1.712e-08,"++",55420,"rs73128955"
20,21138467,"chr20:21138467:C:G_rs6047268","c","g",0.0747,0.0133,1.773e-08,"++",55420,"rs6047268"
20,21291099,"chr20:21291099:G:A_rs73128953","a","g",0.0915,0.0159,7.917e-09,"++",55420,"rs73128953"
20,21291449,"chr20:21291449:A:T_rs6047360","a","t",0.0788,0.0138,1.18e-08,"++",55420,"rs6047360"
20,21154485,"chr20:21154485:T:C_rs6047274","t","c",0.0764,0.0133,8.654e-09,"++",55420,"rs6047274"
20,21331650,"chr20:21331650:A:G_rs202837","a","g",-0.0899,0.0159,1.399e-08,"--",55420,"rs202837"
1,96136829,"chr1:96136829:C:T_rs1222064","t","c",0.0783,0.0141,2.514e-08,"++",55420,"rs1222064"
1,96078439,"chr1:96078439:T:C_rs150859","t","c",-0.0732,0.0131,2.189e-08,"--",55420,"rs150859"
20,21209578,"chr20:21209578:TA:T_rs34527828;rs397865056;rs398081304","t","ta",0.0738,0.0133,2.858e-08,"++",55420,"rs34527828;rs397865056;rs398081304"
20,21268900,"chr20:21268900:C:T_rs6047339","t","c",-0.0823,0.0138,2.583e-09,"--",55420,"rs6047339"
20,21141571,"chr20:21141571:T:C_rs6047270","t","c",0.0778,0.0136,1.058e-08,"++",55420,"rs6047270"
20,21194910,"chr20:21194910:T:C_rs879064","t","c",-0.0754,0.0133,1.346e-08,"--",55420,"rs879064"
20,21176870,"chr20:21176870:T:G_rs2093070","t","g",0.076,0.0133,1.049e-08,"++",55420,"rs2093070"
20,21241407,"chr20:21241407:G:A_rs2424353","a","g",-0.0757,0.0133,1.264e-08,"--",55420,"rs2424353"
20,21289658,"chr20:21289658:C:T_rs2328622","t","c",-0.0772,0.0138,2.313e-08,"--",55420,"rs2328622"
20,21350734,"chr20:21350734:G:A_rs6047395","a","g",-0.076,0.0137,3.223e-08,"--",55420,"rs6047395"
20,21236983,"chr20:21236983:G:A_rs6075780","a","g",-0.0747,0.0133,1.911e-08,"--",55420,"rs6075780"
17,46206395,"chr17:46206395:A:T_rs2696456","a","t",-0.0847,0.0154,4.108e-08,"--",55420,"rs2696456"
20,21285802,"chr20:21285802:C:T_rs6035831","t","c",-0.0775,0.0138,2.064e-08,"--",55420,"rs6035831"
1,96069892,"chr1:96069892:G:A_rs222882","a","g",0.0735,0.0131,1.901e-08,"++",55420,"rs222882"
20,21314277,"chr20:21314277:T:C_rs202828","t","c",-0.0888,0.0159,2.145e-08,"--",55420,"rs202828"
20,21363816,"chr20:21363816:G:A_rs4815040","a","g",-0.0893,0.0159,1.801e-08,"--",55420,"rs4815040"
20,21286459,"chr20:21286459:C:T_rs6113183","t","c",-0.0732,0.0132,2.939e-08,"--",55420,"rs6113183"
20,21237385,"chr20:21237385:C:T_rs6137297","t","c",-0.0758,0.0133,1.213e-08,"--",55420,"rs6137297"
17,46180417,"chr17:46180417:A:G_rs2532252","a","g",-0.085,0.0153,2.712e-08,"--",55420,"rs2532252"
20,21164713,"chr20:21164713:CT:C_rs11475262;rs398035503","ct","c",0.078,0.0134,5.284e-09,"++",55420,"rs11475262;rs398035503"
20,21290915,"chr20:21290915:A:G_rs6082372","a","g",0.0777,0.0138,1.84e-08,"++",55420,"rs6082372"
20,21242772,"chr20:21242772:T:G_rs1569959","t","g",0.0764,0.0133,9.186e-09,"++",55420,"rs1569959"
17,45815418,"chr17:45815418:T:G_rs55915917","t","g",-0.0863,0.0158,4.719e-08,"--",55420,"rs55915917"
20,21167328,"chr20:21167328:G:C_rs4625995","c","g",-0.0751,0.0133,1.53e-08,"--",55420,"rs4625995"
20,21298011,"chr20:21298011:G:C_rs73128965","c","g",0.0919,0.0159,6.859e-09,"++",55420,"rs73128965"
20,21329677,"chr20:21329677:C:T_rs4496388","t","c",-0.0757,0.0137,3.582e-08,"--",55420,"rs4496388"
20,21207322,"chr20:21207322:A:G_rs6113163","a","g",-0.0745,0.0133,2.071e-08,"--",55420,"rs6113163"
1,96082980,"chr1:96082980:A:C_rs556311","a","c",-0.0726,0.0131,2.803e-08,"--",55420,"rs556311"
20,21223308,"chr20:21223308:G:C_rs6035811","c","g",-0.0745,0.0133,2.092e-08,"--",55420,"rs6035811"
20,21353013,"chr20:21353013:G:C_rs6082393","c","g",-0.0753,0.0138,4.943e-08,"--",55420,"rs6082393"
20,21350353,"chr20:21350353:C:T_rs202851","t","c",0.09,0.0159,1.374e-08,"++",55420,"rs202851"
20,21150066,"chr20:21150066:T:C_rs13041255","t","c",0.0756,0.0132,1.003e-08,"++",55420,"rs13041255"
20,21412330,"chr20:21412330:T:G_rs73132736","t","g",-0.0879,0.016,4.239e-08,"--",55420,"rs73132736"
20,21346867,"chr20:21346867:T:G_rs6047389","t","g",0.0754,0.0137,4.092e-08,"++",55420,"rs6047389"
20,21281046,"chr20:21281046:C:T_rs6047348","t","c",-0.0776,0.0138,1.982e-08,"--",55420,"rs6047348"
20,21294030,"chr20:21294030:G:A_rs6035837","a","g",-0.0775,0.0138,2.062e-08,"--",55420,"rs6035837"
20,21175529,"chr20:21175529:A:G_rs910975","a","g",0.0758,0.0133,1.131e-08,"++",55420,"rs910975"
20,21369091,"chr20:21369091:G:A_rs6047401","a","g",-0.089,0.0159,1.998e-08,"--",55420,"rs6047401"
20,21283292,"chr20:21283292:C:A_rs6035827","a","c",-0.0775,0.0138,2.096e-08,"--",55420,"rs6035827"
1,96068226,"chr1:96068226:T:C_rs222883","t","c",-0.0734,0.0131,1.944e-08,"--",55420,"rs222883"
20,21166767,"chr20:21166767:A:G_rs6035796","a","g",0.0752,0.0133,1.492e-08,"++",55420,"rs6035796"
20,21296723,"chr20:21296723:G:A_rs73128960","a","g",0.0923,0.0159,5.931e-09,"++",55420,"rs73128960"
20,21335562,"chr20:21335562:G:C_rs202842","c","g",0.0899,0.0159,1.406e-08,"++",55420,"rs202842"
1,96122876,"chr1:96122876:GA:G_rs58752701;rs796371652","g","ga",0.0738,0.0135,4.856e-08,"++",55420,"rs58752701;rs796371652"
20,21172498,"chr20:21172498:G:A_rs2328608","a","g",-0.0751,0.0133,1.594e-08,"--",55420,"rs2328608"
20,21394761,"chr20:21394761:T:C_rs6075800","t","c",0.0877,0.0159,3.194e-08,"++",55420,"rs6075800"
20,21176925,"chr20:21176925:T:C_rs6035808","t","c",0.0759,0.0133,1.103e-08,"++",55420,"rs6035808"
20,21283529,"chr20:21283529:T:C_rs6047353","t","c",0.0773,0.0138,2.209e-08,"++",55420,"rs6047353"
20,21140831,"chr20:21140831:A:T_rs2876594","a","t",0.0745,0.0133,1.942e-08,"++",55420,"rs2876594"
20,21146082,"chr20:21146082:A:G_rs3762194","a","g",0.0764,0.0133,8.473e-09,"++",55420,"rs3762194"
17,46265759,"chr17:46265759:C:T_rs34200189","t","c",0.0848,0.0155,4.742e-08,"++",55420,"rs34200189"
20,21321927,"chr20:21321927:C:T_rs1546997","t","c",-0.0759,0.0137,3.358e-08,"--",55420,"rs1546997"
20,21382120,"chr20:21382120:T:G_rs6047417","t","g",0.0891,0.0159,1.928e-08,"++",55420,"rs6047417"
1,96095863,"chr1:96095863:G:T_rs223239","t","g",0.0737,0.0133,2.719e-08,"++",55420,"rs223239"
20,21313246,"chr20:21313246:C:T_rs1359761","t","c",-0.0758,0.0138,4.063e-08,"--",55420,"rs1359761"
20,21300183,"chr20:21300183:A:G_rs73128969","a","g",-0.0912,0.0159,8.903e-09,"--",55420,"rs73128969"
1,96104001,"chr1:96104001:C:T_rs716219","t","c",0.077,0.0133,6.421e-09,"++",55420,"rs716219"
20,21171591,"chr20:21171591:G:A_rs6082338","a","g",-0.0751,0.0133,1.575e-08,"--",55420,"rs6082338"
20,21367643,"chr20:21367643:G:A_rs6075797","a","g",-0.0893,0.0159,1.836e-08,"--",55420,"rs6075797"
17,46091311,"chr17:46091311:A:G_rs2097760","a","g",-0.0837,0.0154,4.994e-08,"--",55420,"rs2097760"
20,21294655,"chr20:21294655:A:C_rs6075789","a","c",0.0779,0.0138,1.759e-08,"++",55420,"rs6075789"
20,21293058,"chr20:21293058:A:T_rs4815039","a","t",0.0738,0.0132,2.216e-08,"++",55420,"rs4815039"
1,96086281,"chr1:96086281:A:C_rs223246","a","c",-0.0726,0.0131,2.848e-08,"--",55420,"rs223246"
20,21332015,"chr20:21332015:C:G_rs202838","c","g",-0.0899,0.0159,1.442e-08,"--",55420,"rs202838"
20,21173053,"chr20:21173053:G:A_rs6035802","a","g",-0.0752,0.0133,1.494e-08,"--",55420,"rs6035802"
20,21139902,"chr20:21139902:C:T_rs4815021","t","c",-0.0743,0.0132,1.687e-08,"--",55420,"rs4815021"
1,96065302,"chr1:96065302:T:G_rs105928","t","g",-0.0735,0.0131,1.884e-08,"--",55420,"rs105928"
17,45887763,"chr17:45887763:AT:A_rs112436750","a","at",0.0851,0.0153,2.624e-08,"++",55420,"rs112436750"
20,21284820,"chr20:21284820:G:A_rs4815036","a","g",-0.0779,0.0138,1.759e-08,"--",55420,"rs4815036"
20,21196848,"chr20:21196848:C:G_rs1548254","c","g",-0.0748,0.0133,1.763e-08,"--",55420,"rs1548254"
20,21158611,"chr20:21158611:G:A_rs6035793","a","g",-0.0761,0.0133,1.024e-08,"--",55420,"rs6035793"
20,21165828,"chr20:21165828:A:T_rs6047282","a","t",0.0751,0.0133,1.595e-08,"++",55420,"rs6047282"
20,21290947,"chr20:21290947:G:A_rs6035834","a","g",-0.0779,0.0138,1.752e-08,"--",55420,"rs6035834"
20,21374981,"chr20:21374981:G:A_rs6047406","a","g",-0.0889,0.0159,2.121e-08,"--",55420,"rs6047406"
17,46161205,"chr17:46161205:C:G_rs2532289","c","g",-0.0846,0.0154,3.703e-08,"--",55420,"rs2532289"
20,21168043,"chr20:21168043:G:T_rs4815026","t","g",-0.0751,0.0133,1.574e-08,"--",55420,"rs4815026"
20,21363306,"chr20:21363306:G:A_rs3848794","a","g",-0.0894,0.0159,1.725e-08,"--",55420,"rs3848794"
20,21189014,"chr20:21189014:G:A_rs57940584","a","g",0.0766,0.0133,8.087e-09,"++",55420,"rs57940584"
20,21165245,"chr20:21165245:A:G_rs6035795","a","g",0.0758,0.0133,1.145e-08,"++",55420,"rs6035795"
20,21257726,"chr20:21257726:C:T_rs6047332","t","c",-0.0756,0.0133,1.283e-08,"--",55420,"rs6047332"
20,21367792,"chr20:21367792:C:G_rs6082397","c","g",0.0892,0.0159,1.898e-08,"++",55420,"rs6082397"
20,21299182,"chr20:21299182:T:G_rs4813424","t","g",0.0777,0.0138,1.777e-08,"++",55420,"rs4813424"
20,21187755,"chr20:21187755:C:T_rs8120293","t","c",0.0757,0.0133,1.181e-08,"++",55420,"rs8120293"
20,21222177,"chr20:21222177:A:G_rs4813418","a","g",0.0743,0.0134,2.758e-08,"++",55420,"rs4813418"
20,21166369,"chr20:21166369:A:G_rs6047283","a","g",0.0752,0.0133,1.515e-08,"++",55420,"rs6047283"
20,21264568,"chr20:21264568:C:T_rs6035822","t","c",-0.0756,0.0132,1.006e-08,"--",55420,"rs6035822"
20,21328174,"chr20:21328174:G:A_rs6047380","a","g",-0.0754,0.0137,4.128e-08,"--",55420,"rs6047380"
1,96103039,"chr1:96103039:C:T_rs72733744","t","c",0.0742,0.0133,2.236e-08,"++",55420,"rs72733744"
20,21158741,"chr20:21158741:C:G_rs6047278","c","g",0.076,0.0133,1.034e-08,"++",55420,"rs6047278"
20,21162172,"chr20:21162172:T:C_rs2236178","t","c",0.0762,0.0133,9.985e-09,"++",55420,"rs2236178"
20,21179524,"chr20:21179524:A:C_rs6047299","a","c",0.0762,0.0133,9.732e-09,"++",55420,"rs6047299"
20,21176320,"chr20:21176320:A:G_rs2103976","a","g",0.0758,0.0133,1.171e-08,"++",55420,"rs2103976"
20,21242860,"chr20:21242860:A:T_rs2252714","a","t",0.077,0.0134,8.688e-09,"++",55420,"rs2252714"
17,46169798,"chr17:46169798:A:G_rs2532274","a","g",-0.0852,0.0154,2.919e-08,"--",55420,"rs2532274"
20,21169993,"chr20:21169993:T:C_rs4815028","t","c",0.0758,0.0133,1.139e-08,"++",55420,"rs4815028"
20,21433399,"chr20:21433399:T:C_rs809220","t","c",-0.0818,0.0146,2.058e-08,"--",55420,"rs809220"
20,21281821,"chr20:21281821:C:T_rs55934660","t","c",0.09,0.0159,1.4e-08,"++",55420,"rs55934660"
20,21183159,"chr20:21183159:A:G_rs2145100","a","g",0.0759,0.0133,1.112e-08,"++",55420,"rs2145100"
20,21260779,"chr20:21260779:T:A_rs6035820","a","t",-0.0765,0.0133,8.377e-09,"--",55420,"rs6035820"
17,46265916,"chr17:46265916:G:A_rs34782243","a","g",0.0851,0.0155,4.336e-08,"++",55420,"rs34782243"
20,21291498,"chr20:21291498:C:T_rs112777342","t","c",0.0925,0.0159,5.564e-09,"++",55420,"rs112777342"
20,21318094,"chr20:21318094:G:T_rs6047375","t","g",-0.0762,0.0138,3.469e-08,"--",55420,"rs6047375"
1,96060206,"chr1:96060206:T:C_rs222888","t","c",-0.0736,0.0131,1.789e-08,"--",55420,"rs222888"
17,46185975,"chr17:46185975:GA:G_rs68140790","g","ga",0.0847,0.0154,3.467e-08,"++",55420,"rs68140790"
20,21265351,"chr20:21265351:C:G_rs6047338","c","g",0.0743,0.0132,1.823e-08,"++",55420,"rs6047338"
20,21361740,"chr20:21361740:T:C_rs4497932","t","c",0.0754,0.0137,4.122e-08,"++",55420,"rs4497932"
1,96125301,"chr1:96125301:T:G_rs61787086","t","g",-0.0734,0.0135,4.965e-08,"--",55420,"rs61787086"
20,21215451,"chr20:21215451:A:G_rs3748438","a","g",-0.0741,0.0133,2.502e-08,"--",55420,"rs3748438"
20,21262655,"chr20:21262655:T:C_rs6035821","t","c",0.076,0.0131,6.596e-09,"++",55420,"rs6035821"
20,21215165,"chr20:21215165:C:A_rs6137292","a","c",0.0734,0.0133,3.246e-08,"++",55420,"rs6137292"
20,21256495,"chr20:21256495:A:G_rs73128919","a","g",-0.0996,0.0171,5.496e-09,"--",55420,"rs73128919"
20,21382065,"chr20:21382065:TA:T_rs11476840;rs398088380","t","ta",-0.0886,0.0159,2.337e-08,"--",55420,"rs11476840;rs398088380"
20,21288654,"chr20:21288654:T:A_rs6047358","a","t",-0.0779,0.0138,1.76e-08,"--",55420,"rs6047358"
8,10725996,"chr8:10725996:A:G_rs4841432","a","g",-0.0745,0.0135,3.291e-08,"--",55420,"rs4841432"
20,21159701,"chr20:21159701:C:T_rs2093069","t","c",-0.0758,0.0133,1.143e-08,"--",55420,"rs2093069"
20,21252560,"chr20:21252560:T:C_rs1000177","t","c",0.0902,0.0149,1.34e-09,"++",55420,"rs1000177"
20,21352024,"chr20:21352024:G:C_rs6035853","c","g",-0.0757,0.0137,3.543e-08,"--",55420,"rs6035853"
20,21277966,"chr20:21277966:T:C_rs6047346","t","c",0.0779,0.0138,1.734e-08,"++",55420,"rs6047346"
20,21170708,"chr20:21170708:C:T_rs6035800","t","c",-0.0752,0.0133,1.517e-08,"--",55420,"rs6035800"
20,21291136,"chr20:21291136:G:T_rs6047359","t","g",-0.078,0.0138,1.639e-08,"--",55420,"rs6047359"
20,21161882,"chr20:21161882:C:G_rs4815025","c","g",0.0747,0.0133,1.836e-08,"++",55420,"rs4815025"
20,21137199,"chr20:21137199:T:C_rs6035787","t","c",0.0747,0.0133,1.749e-08,"++",55420,"rs6035787"
20,21270205,"chr20:21270205:T:C_rs6082363","t","c",0.0809,0.0139,5.885e-09,"++",55420,"rs6082363"
20,21221070,"chr20:21221070:C:A_rs6047310","a","c",-0.0753,0.0134,1.874e-08,"--",55420,"rs6047310"
20,21277855,"chr20:21277855:T:C_rs6047345","t","c",0.0778,0.0138,1.79e-08,"++",55420,"rs6047345"
20,21241488,"chr20:21241488:G:C_rs13042216","c","g",-0.076,0.0133,1.077e-08,"--",55420,"rs13042216"
20,21345940,"chr20:21345940:AT:A_rs11474999;rs398035507","a","at",-0.0754,0.0137,4.119e-08,"--",55420,"rs11474999;rs398035507"
8,10719265,"chr8:10719265:G:C_rs10099100","c","g",0.0771,0.0133,7.654e-09,"++",55420,"rs10099100"
20,21202180,"chr20:21202180:T:A_rs3790142","a","t",0.0743,0.0133,2.239e-08,"++",55420,"rs3790142"
20,21277481,"chr20:21277481:A:G_rs4815035","a","g",0.0724,0.0132,4.147e-08,"++",55420,"rs4815035"
20,21243025,"chr20:21243025:C:T_rs2252720","t","c",-0.0751,0.0134,2.029e-08,"--",55420,"rs2252720"
20,21305335,"chr20:21305335:A:G_rs7266341","a","g",0.0755,0.0138,4.724e-08,"++",55420,"rs7266341"
20,21282530,"chr20:21282530:C:T_rs55869002","t","c",0.0908,0.0159,1.055e-08,"++",55420,"rs55869002"
17,45856424,"chr17:45856424:G:T_rs142955985","t","g",0.085,0.0155,4.294e-08,"++",55420,"rs142955985"
20,21180143,"chr20:21180143:G:A_rs4815030","a","g",-0.0759,0.0133,1.109e-08,"--",55420,"rs4815030"
20,21144231,"chr20:21144231:T:C_rs4815022","t","c",0.0755,0.0132,1.049e-08,"++",55420,"rs4815022"
1,96043698,"chr1:96043698:G:T_rs222900","t","g",0.0726,0.0131,2.744e-08,"++",55420,"rs222900"
20,21412447,"chr20:21412447:C:A_rs73132737","a","c",0.0875,0.016,4.853e-08,"++",55420,"rs73132737"
20,21260820,"chr20:21260820:G:A_rs6047333","a","g",-0.0762,0.0133,9.656e-09,"--",55420,"rs6047333"
20,21173847,"chr20:21173847:G:A_rs6047293","a","g",-0.0754,0.0133,1.363e-08,"--",55420,"rs6047293"
20,21237707,"chr20:21237707:G:A_rs6047319","a","g",-0.0767,0.0133,7.989e-09,"--",55420,"rs6047319"
20,21350903,"chr20:21350903:T:G_rs6047396","t","g",0.0754,0.0137,4.113e-08,"++",55420,"rs6047396"
20,21158348,"chr20:21158348:G:A_rs6035792","a","g",-0.076,0.0133,1.027e-08,"--",55420,"rs6035792"
20,21282230,"chr20:21282230:A:G_rs150548349","a","g",-0.0907,0.0159,1.091e-08,"--",55420,"rs150548349"
20,21287631,"chr20:21287631:G:A_rs6075788","a","g",-0.0766,0.0138,2.954e-08,"--",55420,"rs6075788"
20,21141038,"chr20:21141038:A:T_rs6047269","a","t",0.0732,0.0134,4.232e-08,"++",55420,"rs6047269"
20,21213799,"chr20:21213799:C:T_rs2236128","t","c",0.0736,0.0133,3.025e-08,"++",55420,"rs2236128"
17,46273553,"chr17:46273553:A:C_rs2696546","a","c",-0.0858,0.0156,3.869e-08,"--",55420,"rs2696546"
8,10660810,"chr8:10660810:G:A_rs7014633","a","g",0.0718,0.0132,4.841e-08,"++",55420,"rs7014633"
20,21165647,"chr20:21165647:A:G_rs6047281","a","g",0.0752,0.0133,1.524e-08,"++",55420,"rs6047281"
20,21145553,"chr20:21145553:C:G_rs6047271","c","g",0.0757,0.0132,9.541e-09,"++",55420,"rs6047271"
20,21318093,"chr20:21318093:T:C_rs6047374","t","c",0.0762,0.0138,3.487e-08,"++",55420,"rs6047374"
20,21286468,"chr20:21286468:G:C_rs726026","c","g",0.0919,0.0159,6.954e-09,"++",55420,"rs726026"
20,21422237,"chr20:21422237:G:T_rs809218","t","g",0.0876,0.016,4.806e-08,"++",55420,"rs809218"
17,46130946,"chr17:46130946:G:T_rs6503457","t","g",0.084,0.0154,4.619e-08,"++",55420,"rs6503457"
1,96086469,"chr1:96086469:G:A_rs223245","a","g",0.0723,0.0131,3.18e-08,"++",55420,"rs223245"
20,21247868,"chr20:21247868:C:T_rs2424354","t","c",-0.076,0.0133,1.089e-08,"--",55420,"rs2424354"
1,96042484,"chr1:96042484:T:A_rs222901","a","t",0.0727,0.0131,2.653e-08,"++",55420,"rs222901"
20,21227106,"chr20:21227106:T:G_rs6035813","t","g",0.0749,0.0133,1.761e-08,"++",55420,"rs6035813"
20,21320722,"chr20:21320722:G:C_rs202832","c","g",0.0907,0.0159,1.08e-08,"++",55420,"rs202832"
1,96057379,"chr1:96057379:C:T_rs6682371","t","c",0.0735,0.0131,1.908e-08,"++",55420,"rs6682371"
20,21267478,"chr20:21267478:G:A_rs910805","a","g",-0.0882,0.0146,1.557e-09,"--",55420,"rs910805"
20,21177731,"chr20:21177731:T:G_rs2876596","t","g",0.075,0.0133,1.609e-08,"++",55420,"rs2876596"
20,21252915,"chr20:21252915:A:G_rs1000176","a","g",0.0755,0.0133,1.362e-08,"++",55420,"rs1000176"
20,21359219,"chr20:21359219:A:G_rs1409816","a","g",0.0752,0.0137,4.434e-08,"++",55420,"rs1409816"
20,21199113,"chr20:21199113:C:T_rs6137286","t","c",0.075,0.0133,1.621e-08,"++",55420,"rs6137286"
20,21322247,"chr20:21322247:G:A_rs202835","a","g",0.0904,0.0159,1.207e-08,"++",55420,"rs202835"
20,21321943,"chr20:21321943:T:C_rs1546998","t","c",0.0759,0.0137,3.315e-08,"++",55420,"rs1546998"
20,21163294,"chr20:21163294:G:T_rs6047280","t","g",-0.0758,0.0133,1.152e-08,"--",55420,"rs6047280"
20,21258013,"chr20:21258013:A:G_rs4813420","a","g",0.0751,0.0133,1.627e-08,"++",55420,"rs4813420"
20,21329835,"chr20:21329835:CA:C_rs11477333;rs796679773","ca","c",0.0758,0.0137,3.536e-08,"++",55420,"rs11477333;rs796679773"
20,21210762,"chr20:21210762:CT:C_rs11288900;rs397865388","ct","c",-0.0766,0.0136,1.786e-08,"--",55420,"rs11288900;rs397865388"
20,21327058,"chr20:21327058:G:A_rs4813426","a","g",-0.0755,0.0137,3.862e-08,"--",55420,"rs4813426"
20,21362332,"chr20:21362332:G:C_rs713479","c","g",-0.0891,0.0159,1.979e-08,"--",55420,"rs713479"
1,96045716,"chr1:96045716:C:T_rs66512","t","c",0.0743,0.013,1.029e-08,"++",55420,"rs66512"
20,21156917,"chr20:21156917:A:G_rs6047277","a","g",0.0759,0.0133,1.064e-08,"++",55420,"rs6047277"
20,21317808,"chr20:21317808:C:T_rs202829","t","c",0.0903,0.0159,1.251e-08,"++",55420,"rs202829"
20,21321353,"chr20:21321353:G:A_rs202834","a","g",0.0898,0.0159,1.496e-08,"++",55420,"rs202834"
20,21285952,"chr20:21285952:T:C_rs6047355","t","c",0.0726,0.0132,3.816e-08,"++",55420,"rs6047355"
20,21310893,"chr20:21310893:C:T_rs6035840","t","c",-0.0756,0.0138,4.53e-08,"--",55420,"rs6035840"
20,21178512,"chr20:21178512:T:C_rs2145099","t","c",0.0754,0.0133,1.391e-08,"++",55420,"rs2145099"
20,21249817,"chr20:21249817:C:T_rs6082358","t","c",-0.077,0.0134,1.045e-08,"--",55420,"rs6082358"
20,21301129,"chr20:21301129:C:G_rs56129736","c","g",-0.091,0.0159,9.586e-09,"--",55420,"rs56129736"
20,21283152,"chr20:21283152:A:T_rs6035826","a","t",0.0775,0.0138,2.099e-08,"++",55420,"rs6035826"
20,21204653,"chr20:21204653:TACA:T_rs10568380;rs11469244","t","taca",0.0751,0.0133,1.596e-08,"++",55420,"rs10568380;rs11469244"
20,21197259,"chr20:21197259:G:A_rs754332","a","g",0.0743,0.0133,2.176e-08,"++",55420,"rs754332"
20,21275924,"chr20:21275924:T:C_rs73128934","t","c",-0.0908,0.0163,2.576e-08,"--",55420,"rs73128934"
20,21172102,"chr20:21172102:G:A_rs6082339","a","g",-0.0752,0.0133,1.512e-08,"--",55420,"rs6082339"
20,21169627,"chr20:21169627:G:C_rs6132402","c","g",-0.0751,0.0133,1.594e-08,"--",55420,"rs6132402"
20,21170684,"chr20:21170684:G:A_rs6047288","a","g",-0.0752,0.0133,1.462e-08,"--",55420,"rs6047288"
20,21170255,"chr20:21170255:A:G_rs6047285","a","g",0.0752,0.0133,1.512e-08,"++",55420,"rs6047285"
20,21265982,"chr20:21265982:G:A_rs6082361","a","g",-0.0743,0.0132,1.798e-08,"--",55420,"rs6082361"
20,21155415,"chr20:21155415:C:CA_rs11483719;rs397693850","ca","c",-0.0753,0.0133,1.391e-08,"--",55420,"rs11483719;rs397693850"
20,21291893,"chr20:21291893:C:T_rs6047361","t","c",-0.0778,0.0138,1.768e-08,"--",55420,"rs6047361"
1,96061172,"chr1:96061172:G:T_rs222887","t","g",0.0732,0.0131,2.133e-08,"++",55420,"rs222887"
20,21177599,"chr20:21177599:C:G_rs6047296","c","g",0.0751,0.0133,1.535e-08,"++",55420,"rs6047296"
20,21320839,"chr20:21320839:C:T_rs6047377","t","c",-0.0758,0.0138,4.119e-08,"--",55420,"rs6047377"
20,21193068,"chr20:21193068:G:C_rs6132406","c","g",0.0768,0.0133,7.365e-09,"++",55420,"rs6132406"
20,21333441,"chr20:21333441:T:C_rs202840","t","c",-0.0897,0.0159,1.556e-08,"--",55420,"rs202840"
20,21152571,"chr20:21152571:A:G_rs4813414","a","g",0.0758,0.0132,9.202e-09,"++",55420,"rs4813414"
1,96055716,"chr1:96055716:G:A_rs150860","a","g",0.0726,0.0131,2.733e-08,"++",55420,"rs150860"
20,21248753,"chr20:21248753:A:G_rs2424355","a","g",0.0766,0.0133,8.368e-09,"++",55420,"rs2424355"
20,21155085,"chr20:21155085:A:G_rs6047275","a","g",0.0759,0.0133,1.084e-08,"++",55420,"rs6047275"
20,21297510,"chr20:21297510:G:A_rs17736848","a","g",0.0921,0.0159,6.346e-09,"++",55420,"rs17736848"
20,21170477,"chr20:21170477:T:C_rs6047287","t","c",0.0752,0.0133,1.472e-08,"++",55420,"rs6047287"
8,10663038,"chr8:10663038:G:A_rs4841410","a","g",0.072,0.0131,3.752e-08,"++",55420,"rs4841410"
20,21161712,"chr20:21161712:T:C_rs6047279","t","c",0.0755,0.0133,1.295e-08,"++",55420,"rs6047279"
20,21190532,"chr20:21190532:C:T_rs765585","t","c",0.0757,0.0133,1.181e-08,"++",55420,"rs765585"
20,21218986,"chr20:21218986:G:A_rs4305335","a","g",0.0763,0.0134,1.203e-08,"++",55420,"rs4305335"
20,21349142,"chr20:21349142:T:C_rs1958122","t","c",0.0757,0.0137,3.586e-08,"++",55420,"rs1958122"
20,21237338,"chr20:21237338:A:C_rs6082354","a","c",0.0754,0.0133,1.453e-08,"++",55420,"rs6082354"
20,21289427,"chr20:21289427:C:T_rs753049","t","c",-0.0727,0.0132,3.595e-08,"--",55420,"rs753049"
20,21201749,"chr20:21201749:T:C_rs12625304","t","c",-0.0989,0.0165,2.021e-09,"--",55420,"rs12625304"
20,21154158,"chr20:21154158:T:C_rs6047273","t","c",0.0754,0.0133,1.339e-08,"++",55420,"rs6047273"
20,21159530,"chr20:21159530:G:A_rs721785","a","g",-0.0759,0.0133,1.116e-08,"--",55420,"rs721785"
20,21228388,"chr20:21228388:C:T_rs11697462","t","c",-0.0742,0.0133,2.444e-08,"--",55420,"rs11697462"
20,21319392,"chr20:21319392:G:A_rs1327153","a","g",-0.0763,0.0138,3.341e-08,"--",55420,"rs1327153"
20,21291031,"chr20:21291031:G:C_rs6035835","c","g",-0.0778,0.0138,1.776e-08,"--",55420,"rs6035835"
20,21238311,"chr20:21238311:G:A_rs6047320","a","g",-0.0757,0.0133,1.267e-08,"--",55420,"rs6047320"
20,21154956,"chr20:21154956:G:T_rs6035790","t","g",-0.0765,0.0133,8.459e-09,"--",55420,"rs6035790"
20,21236818,"chr20:21236818:A:C_rs6082353","a","c",0.0751,0.0133,1.6e-08,"++",55420,"rs6082353"
20,21395271,"chr20:21395271:C:G_rs6047423","c","g",0.0881,0.0159,2.761e-08,"++",55420,"rs6047423"
20,21407186,"chr20:21407186:C:T_rs809217","t","c",0.0876,0.016,4.747e-08,"++",55420,"rs809217"
20,21171212,"chr20:21171212:C:T_rs2180581","t","c",-0.0753,0.0133,1.455e-08,"--",55420,"rs2180581"
20,21170737,"chr20:21170737:G:A_rs1072271","a","g",-0.0758,0.0133,1.178e-08,"--",55420,"rs1072271"
20,21320540,"chr20:21320540:C:G_rs111595332","c","g",-0.0907,0.0159,1.077e-08,"--",55420,"rs111595332"
20,21155077,"chr20:21155077:G:T_rs6035791","t","g",-0.076,0.0133,1.033e-08,"--",55420,"rs6035791"
20,21353030,"chr20:21353030:G:A_rs6075794","a","g",-0.0757,0.0138,4.323e-08,"--",55420,"rs6075794"
20,21422490,"chr20:21422490:C:T_rs804369","t","c",0.0877,0.016,4.583e-08,"++",55420,"rs804369"
20,21390733,"chr20:21390733:A:G_rs1555946","a","g",0.075,0.0137,4.86e-08,"++",55420,"rs1555946"
17,45846971,"chr17:45846971:A:C_rs12373168","a","c",-0.0839,0.0154,4.78e-08,"--",55420,"rs12373168"
20,21352228,"chr20:21352228:A:G_rs73130930","a","g",-0.09,0.0159,1.357e-08,"--",55420,"rs73130930"
20,21345460,"chr20:21345460:T:C_rs13043724","t","c",0.0754,0.0137,4.059e-08,"++",55420,"rs13043724"
20,21422300,"chr20:21422300:A:G_rs2424363","a","g",-0.0875,0.016,4.95e-08,"--",55420,"rs2424363"
17,46150803,"chr17:46150803:C:T_rs1918793","t","c",0.0839,0.0153,4.061e-08,"++",55420,"rs1918793"
20,21308674,"chr20:21308674:G:A_rs202824","a","g",0.0892,0.0159,1.871e-08,"++",55420,"rs202824"
20,21187721,"chr20:21187721:G:T_rs8120377","t","g",0.0756,0.0133,1.26e-08,"++",55420,"rs8120377"
20,21147486,"chr20:21147486:A:G_rs1884763","a","g",0.0756,0.0133,1.185e-08,"++",55420,"rs1884763"
20,21240715,"chr20:21240715:C:G_rs61139213","c","g",0.0753,0.0133,1.514e-08,"++",55420,"rs61139213"
20,21157726,"chr20:21157726:C:A_rs4815024","a","c",-0.076,0.0133,1.039e-08,"--",55420,"rs4815024"
20,21292673,"chr20:21292673:G:A_rs4815038","a","g",-0.0779,0.0138,1.755e-08,"--",55420,"rs4815038"
20,21170688,"chr20:21170688:A:G_rs6035799","a","g",0.0752,0.0133,1.523e-08,"++",55420,"rs6035799"
20,21299345,"chr20:21299345:C:T_rs73128966","t","c",0.0914,0.0159,8.15e-09,"++",55420,"rs73128966"
20,21175938,"chr20:21175938:T:C_rs2328609","t","c",0.0765,0.0133,8.538e-09,"++",55420,"rs2328609"
20,21299701,"chr20:21299701:C:T_rs6082377","t","c",-0.0773,0.0138,2.247e-08,"--",55420,"rs6082377"
1,96099301,"chr1:96099301:T:C_rs686101","t","c",-0.0742,0.0133,2.13e-08,"--",55420,"rs686101"
20,21290685,"chr20:21290685:C:G_rs4813422","c","g",0.0778,0.0138,1.773e-08,"++",55420,"rs4813422"
20,21344584,"chr20:21344584:T:G_rs202847","t","g",-0.0899,0.0159,1.416e-08,"--",55420,"rs202847"
20,21310784,"chr20:21310784:G:A_rs202826","a","g",0.089,0.0159,2.013e-08,"++",55420,"rs202826"
20,21379149,"chr20:21379149:A:G_rs6047413","a","g",0.0888,0.0159,2.178e-08,"++",55420,"rs6047413"
20,21297437,"chr20:21297437:CA:C_rs113644583","ca","c",-0.0921,0.0159,6.281e-09,"--",55420,"rs113644583"
20,21298252,"chr20:21298252:CAA:C_rs140018082;rs551455725","caa","c",0.0777,0.0138,1.89e-08,"++",55420,"rs140018082;rs551455725"
20,21286722,"chr20:21286722:C:T_rs726025","t","c",0.0922,0.0159,6.223e-09,"++",55420,"rs726025"
1,96084085,"chr1:96084085:C:T_rs638729","t","c",0.0722,0.0131,3.302e-08,"++",55420,"rs638729"
20,21351811,"chr20:21351811:A:G_rs6035852","a","g",0.076,0.0137,3.214e-08,"++",55420,"rs6035852"
20,21146295,"chr20:21146295:C:CT_rs3834756","ct","c",-0.0754,0.0132,1.091e-08,"--",55420,"rs3834756"
20,21385622,"chr20:21385622:T:C_rs6035864","t","c",0.0887,0.0159,2.275e-08,"++",55420,"rs6035864"
17,46184247,"chr17:46184247:T:TCC_rs78765934","t","tcc",-0.0848,0.0154,3.997e-08,"--",55420,"rs78765934"
20,21293229,"chr20:21293229:C:T_rs6113185","t","c",-0.0779,0.0138,1.71e-08,"--",55420,"rs6113185"
20,21286713,"chr20:21286713:C:T_rs726024","t","c",-0.078,0.0138,1.69e-08,"--",55420,"rs726024"
20,21340015,"chr20:21340015:T:C_rs1546995","t","c",0.0738,0.0134,3.383e-08,"++",55420,"rs1546995"
20,21233206,"chr20:21233206:T:C_rs6082351","t","c",0.0757,0.0133,1.268e-08,"++",55420,"rs6082351"
20,21248278,"chr20:21248278:C:T_rs4813419","t","c",-0.0762,0.0133,1.024e-08,"--",55420,"rs4813419"
20,21166176,"chr20:21166176:A:G_rs6137276","a","g",0.0752,0.0133,1.475e-08,"++",55420,"rs6137276"
1,96131946,"chr1:96131946:A:C_rs1222067","a","c",-0.0774,0.014,3.406e-08,"--",55420,"rs1222067"
20,21176291,"chr20:21176291:G:C_rs2103975","c","g",-0.0759,0.0133,1.112e-08,"--",55420,"rs2103975"
17,46131308,"chr17:46131308:G:T_rs8070942","t","g",0.0842,0.0154,4.301e-08,"++",55420,"rs8070942"
20,21285090,"chr20:21285090:C:T_rs6035830","t","c",-0.0779,0.0138,1.774e-08,"--",55420,"rs6035830"
1,96057414,"chr1:96057414:G:A_rs223250","a","g",0.0738,0.0131,1.627e-08,"++",55420,"rs223250"
